name,beta,se_ols,z_ols,p_ols,se_hac,z_hac,p_hac
const,-3.5663884659601384,0.14820472103585483,-24.063932923549245,5.966932701493205e-128,0.3132748289469291,-11.384216465614315,5.0116677118060785e-30
CPU_module,0.050663108923030914,0.032967697547810926,1.5367499913986251,0.12435454392370396,0.07134283018910281,0.7101359560413038,0.4776198311114488
Brightness_module,0.39736612469177857,0.03315544118199934,11.98494456793763,4.26129296046774e-33,0.07691906402198405,5.166029120923889,2.391195520131983e-07
Network_module,0.27352807132246637,0.07967118939533685,3.4332118473240207,0.0005964758481221795,0.19727840748985842,1.3865079042496211,0.16559186838245954
Temperature_module,0.4560881903368391,0.13362328903348702,3.413238767252166,0.0006419567134444404,0.2663928293760795,1.7120888403980183,0.0868802976143875
Network_x_Temperature,1.0469168902494228,0.38320394899461524,2.7320096595980905,0.006294929534841339,0.880512643015582,1.188985642118595,0.23444531693144444
