name,beta,se_ols,z_ols,p_ols,se_hac,z_hac,p_hac
const,-2.077389783412123,0.266282972564408,-7.801436807641344,6.1206254419571476e-15,0.2693640344800762,-7.712201769705003,1.2366541098639966e-14
CPU_module,-0.06792097599789244,0.05758456964826797,-1.179499584919367,0.23819930188356808,0.0598298406367752,-1.1352357832647129,0.2562765403339935
Brightness_module,0.15349518399207285,0.05189866605148864,2.9575940129133635,0.003100501857875588,0.048115519145098096,3.190138789299764,0.001422044831651929
Network_module,0.045343946860668574,0.06325773174453007,0.7168127217047976,0.47348966094980227,0.048156024824186607,0.941604856842219,0.34639498221981246
Temperature_module,-0.05896647328667029,0.13651954272413294,-0.431926976241231,0.6657944877030707,0.10929271137777904,-0.5395279570185421,0.5895226117480687
