name,beta,se_ols,z_ols,p_ols,se_hac,z_hac,p_hac
const,-3.5395078453296747,0.14797092699920664,-23.920292432503665,1.8837567466393817e-126,0.31474389824086807,-11.245675818061294,2.432266611789876e-29
CPU_module,0.033161274431607934,0.03235966312443417,1.0247719299206328,0.30547081406659293,0.07105036073377077,0.46672914942493926,0.6406936718633758
Brightness_module,0.40375982306591873,0.03309358044345766,12.200548192594825,3.08738379451863e-34,0.07632633828467715,5.289914754720721,1.2237338138965727e-07
Network_module,0.47131564544315985,0.03328151003145044,14.161486212547894,1.586039857645239e-45,0.0878050730032836,5.36774959945121,7.972513386539764e-08
Temperature_module,0.7670195976613887,0.0700609097696258,10.947896625714705,6.80084987276476e-28,0.1556226426703942,4.928714642675241,8.27723652160495e-07
