name,beta,se_ols,z_ols,p_ols,se_hac,z_hac,p_hac
const,-4.611987072545018,0.14262547726717717,-32.33634804184027,2.1583555250866645e-229,0.36904762475269076,-12.496997035641785,7.752477634978442e-36
CPU_module,0.1751202958213462,0.03127325469870376,5.599682460572443,2.1474479962640598e-08,0.08265016583859697,2.118813604842961,0.034106222529924145
Brightness_module,0.2830395289705002,0.03281817195306368,8.62447577443684,6.438690791652975e-18,0.07888008110391002,3.58822563325775,0.0003329361064273962
Network_module,0.8778053763354273,0.03162075404551719,27.76041883984965,1.3044188547111048e-169,0.11658512083168887,7.529308800929184,5.1009618834029176e-14
Temperature_module,1.562400468496257,0.06429628754600064,24.30001059358895,1.9598150948752903e-130,0.21750702011604084,7.1832185814633025,6.80891086727547e-13
