name,beta,se_ols,z_ols,p_ols,se_hac,z_hac,p_hac
const,-4.603541033573551,0.14296530105999022,-32.2004080671424,1.7418428400904778e-227,0.3664566847577809,-12.562306065221271,3.402685988588364e-36
CPU_module,0.1700058022864926,0.03183270146090449,5.340602414635972,9.26382248464981e-08,0.08260655536223888,2.0580182957756605,0.039588377155373916
Brightness_module,0.2854665017622961,0.03293963542268935,8.66635280260759,4.4618292298466334e-18,0.07759348167668904,3.6790010654729666,0.00023414928998724034
Network_module,0.9352874897021652,0.07385155906032559,12.664424442795804,9.310068456470445e-37,0.2646288155263721,3.5343372861409246,0.00040879905035657546
Temperature_module,1.6510096816876778,0.12131916807622362,13.608811434070871,3.549696793661673e-42,0.40951630053470073,4.031609192435011,5.539624850072498e-05
Network_x_Temperature,-0.3086976107966541,0.3584118234585777,-0.8612930450167775,0.38907666526197604,1.192551154133697,-0.258854817025355,0.7957472609809757
