name,beta,se_ols,z_ols,p_ols,se_hac,z_hac,p_hac
const,-2.0337081436225164,0.26719749400936194,-7.611254555969976,2.714479971443419e-14,0.2680218177805787,-7.587845498784921,3.252684203209e-14
CPU_module,-0.09328665303774836,0.05916374855439763,-1.5767535918042228,0.11485223379333942,0.060792077539008456,-1.5345199047999158,0.124901800240474
Brightness_module,0.1599596729770903,0.051990935686295675,3.0766838654772313,0.0020931716577251482,0.04763188032769714,3.3582481287029187,0.0007843816845750457
Network_module,0.3046296399255226,0.1536087275251072,1.983153202514038,0.04735031937104851,0.13025783421072562,2.338666551393029,0.01935269755079782
Temperature_module,0.35820240029653516,0.2633459645135889,1.3601970357060535,0.1737675803814257,0.18563597530906953,1.9295958108343811,0.053656938289182575
Network_x_Temperature,-1.344471992458408,0.7259030365015388,-1.8521371655063439,0.06400612883201652,0.6228495462268493,-2.158582278181086,0.030882588855933996
