test,df,stat,pvalue
CPU_module,1,4.235439305747353,0.039588377155373916
Brightness_module,1,13.535048839751225,0.0002341492899872408
Network_module,1,12.491540052205995,0.0004087990503565762
Temperature_module,1,16.253872680526477,5.539624850072493e-05
Network_x_Temperature,1,0.06700581629723001,0.7957472609809758
Net_Temp_block,3,242.10144765183935,3.342413955071953e-52
