test,df,stat,pvalue
CPU_module,1,1.2887602836046463,0.25627654033399017
Brightness_module,1,10.176985494994963,0.0014220448316519274
Network_module,1,0.8866197064288556,0.3463949822198127
Temperature_module,1,0.2910904164046017,0.589522611748069
All_4_modules,4,10.989355017887945,0.026683910125187255
