test,df,stat,pvalue
CPU_module,1,2.354751338227143,0.12490180024047447
Brightness_module,1,11.277830493936657,0.000784381684575046
Network_module,1,5.469361238604562,0.01935269755079787
Temperature_module,1,3.723339993189592,0.05365693828918262
Network_x_Temperature,1,4.659477451677449,0.03088258885593397
Net_Temp_block,3,5.787090871468946,0.12244088933929395
