test,df,stat,pvalue
CPU_module,1,4.489371092067623,0.034106222529924186
Brightness_module,1,12.875363195167983,0.00033293610642739607
Network_module,1,56.690491019749665,5.100961883402928e-14
Temperature_module,1,51.59862918907966,6.808910867275496e-13
All_4_modules,4,282.21872103637804,7.40638130512434e-60
