test,df,stat,pvalue
CPU_module,1,0.5042930760626966,0.4776198311114487
Brightness_module,1,26.687856878233646,2.391195520131982e-07
Network_module,1,1.9224041685466764,0.1655918683824555
Temperature_module,1,2.9312481974154316,0.08688029761438723
Network_x_Temperature,1,1.4136868571641674,0.23444531693144105
Net_Temp_block,3,102.67701585038338,4.1287213065950486e-22
