test,df,stat,pvalue
CPU_module,1,0.21783609892292727,0.6406936718633757
Brightness_module,1,27.983198112211987,1.2237338138965753e-07
Network_module,1,28.812735762408625,7.972513386539802e-08
Temperature_module,1,24.292228028921336,8.27723652160494e-07
All_4_modules,4,142.61435525380136,7.777994765706983e-30
