split,device_id,n_train,n_test,R2_test,RMSE_test
segment_80_20_overall,ALL,12572,2763,0.1380417930312332,0.5629240657629199
segment_80_20,352944080639365,2076,199,-0.05526301121186772,0.5806678315855978
segment_80_20,358057080902248,4278,1077,0.1466731411205171,0.5007503013822245
segment_80_20,866558034754119,258,89,-0.03647054898652535,0.6922865410777473
segment_80_20,866817034014258,4006,1318,0.13133282626572218,0.587151437843722
segment_80_20,867194030192184,1954,80,-0.14806198491882316,0.7190453220832076
