device_id,segment_ids,n_segments,level,R2_soc,RMSE_soc_pct,plot
352944080639365,202;246;-1;108,4,1,0.9900721496190226,2.41341777678456,figures/four_segment_fits/352944080639365_4seg_shared_level1_r2_0.990.png
358057080902248,198;135;124;123,4,1,0.95653212169384,5.828901152885624,figures/four_segment_fits/358057080902248_4seg_shared_level1_r2_0.957.png
866558034754119,108;75;79;74,4,1,0.9990955290916929,0.506746449803158,figures/four_segment_fits/866558034754119_4seg_shared_level1_r2_0.999.png
866817034014258,536;247;683;376,4,1,0.9954414808036391,1.5280461849235245,figures/four_segment_fits/866817034014258_4seg_shared_level1_r2_0.995.png
867194030192184,80;183;83;188,4,1,0.9986248679870703,1.144807922881174,figures/four_segment_fits/867194030192184_4seg_shared_level1_r2_0.999.png
