model,n,p,R2,adj_R2,RMSE
pooled_log_main,15884,9,0.1251545491383722,0.12471368213951284,0.726695379752867
pooled_log_with_interactions,15884,14,0.12691357974946715,0.12619838608448553,0.7259644377248513
