name,beta,se,t,p
const,-3.1634073044778237,0.017039731194299527,-185.64889718073195,0.0
scr,0.974580924194284,0.15229920930765756,6.399120052065053,1.6065396129431568e-10
net_wifi,0.20045350009650226,0.014551174578764424,13.775760782159708,6.2968369800182025e-43
net_mobile,0.0895249040202738,0.021009979379343773,4.261065772786591,2.04627229674842e-05
T0,0.06936290565484049,0.0024055018842645166,28.83510759587213,2.9643360241253364e-178
dev_358057080902248,-0.01697020295242163,0.02061151862342461,-0.8233358862328227,0.4103293795484225
dev_866558034754119,0.5732380811649971,0.038873348752813126,14.746300474653959,6.843965392645157e-49
dev_866817034014258,0.13974350019506027,0.0222275152219957,6.286960049262465,3.322014192861584e-10
dev_867194030192184,-0.2965754892671636,0.023625159842377473,-12.553374929348976,5.645510723524593e-36
