device_id,n,R2,adj_R2,RMSE,const,scr,net_wifi,net_mobile,T0
352944080639365,2353,0.02407779220674433,0.022415233079328245,0.7878158965401267,-3.1226188363722858,-1.0408340855860843e-16,0.08777223318301197,0.0,0.06289285765480138
358057080902248,5377,0.07674304260027398,0.0760555839573851,0.5067433432365351,-3.2377723755355237,2.7755575615628914e-17,0.27870021671690626,0.0,0.07182411931369936
866558034754119,485,0.11200992230853224,0.10461000499443662,1.5122961890396796,-1.94757098343134,1.1315924715234011,-0.5157293494912576,-1.4318416339400815,0.13515096451316533
866817034014258,5585,0.10748886568928917,0.10684907276146782,0.7486940635650995,-3.0859720061495266,0.627646985752936,0.2978305437974688,0.11193796306368153,0.09685911689468285
867194030192184,2084,0.0032559953858035673,0.0013382580031884306,0.7418795419197962,-3.320716085523784,0.0,0.05988626189847118,0.0,0.010688335417646948
