model,n,p,R2,RMSE,hac_lag
log_main,15335,9,0.1319635743158828,0.5510129838240377,20
log_with_interactions,15335,14,0.14112882242929914,0.5480963019392604,20
