test,df,stat,pvalue
Wald_interactions_OLS,5,165.09040043883311,8.134752327187841e-34
Wald_interactions_HAC,5,67.37387919261913,3.6032541301256513e-13
Wald_main_effects_HAC,4,56.760186041998274,1.3891059500673946e-11
