param,value
k0,3.978902519907872e-05
I_idle,11.550695400640807
alpha_cpu,3.779756807203892e-20
gamma,1.5470863920460232
delta_scr,0.332208131443024
beta_scr,4.93431869563421e-16
alpha_mob,2.811796205988249
alpha_wifi,1.1082328161821557
beta_T,-0.019999069882814493
