split,seg_id,n,r2,rmse
test,8,180,0.35541039457381185,3.368501575814872
test,6,180,0.8106736062776809,1.6416556484127183
test,4,180,0.8870316757981369,1.2748168586630682
train,7,180,0.779457184120968,1.7250662602403046
train,5,180,0.812230657530184,1.9641418232912247
train,1,180,0.8386813769528988,1.949168353211047
train,2,180,0.8412405930445769,2.682092849561496
train,0,180,0.8925327167254221,1.445099722615284
train,3,180,0.9518091563427681,0.905993870252371
