split,n_segments,r2_concat,rmse_concat
train,6,0.9938105523289995,1.8590196398589258
test,3,0.9867480231866852,2.2852420847227712
