model,b0,b_scr,b_wifi,b_mobile,b_T,Tref,R2
linear_r,0.14490498142632627,0.9012119144278288,0.07607094467102754,0.0373764890789956,0.017332323176277642,30.0,0.0493286941370662
log_r,-2.04702039165911,1.2325235893470654,0.14049858412689564,0.19527444457790524,0.038426510893137644,30.0,0.06493631505558328
