combo_id,combo_name,n_slices,total_min,acc_mean,acc_p10,acc_median,acc_min_slice,acc_max_slice
1,几乎不使用（0-33）×息屏×无线网络,102,4434,0.6102611908503535,0.07211055358704545,0.6608335566729543,0.0,0.9843991663507816
14,使用（34-66）×高亮度×蜂窝网络,4,35,0.6316373071135442,0.23515937088673244,0.8257741714603685,0.0,0.8750008855334396
0,几乎不使用（0-33）×息屏×蜂窝网络,131,2810,0.6346867824469454,0.1189837497624258,0.7131049886649292,0.0,0.9957325197483602
7,几乎不使用（0-33）×高亮度×无线网络,11,84,0.6732224270098781,0.3489683010681929,0.7392876626400455,0.1722973138588401,0.9682737057297104
8,使用（34-66）×息屏×蜂窝网络,5,45,0.751353269434617,0.5901337205786464,0.7123796521123755,0.5294599676149679,0.9625354469590216
6,几乎不使用（0-33）×高亮度×蜂窝网络,9,119,0.7627504201241051,0.5875223892159018,0.7961264890785746,0.5094835451162509,0.9847912473938152
