combo_id,combo_name,n_slices,total_min,acc_mean
1,几乎不使用（0-33）×息屏×无线网络,102,4434,0.6102611908503535
14,使用（34-66）×高亮度×蜂窝网络,4,35,0.6316373071135442
0,几乎不使用（0-33）×息屏×蜂窝网络,131,2810,0.6346867824469454
7,几乎不使用（0-33）×高亮度×无线网络,11,84,0.6732224270098781
8,使用（34-66）×息屏×蜂窝网络,5,45,0.751353269434617
6,几乎不使用（0-33）×高亮度×蜂窝网络,9,119,0.7627504201241051
