name,beta,se_ols,z_ols,p_ols,se_hac,z_hac,p_hac
const,-2.3198526012591723,0.1618515545776287,-14.33321173412952,1.3569703811017688e-46,0.176328320153554,-13.156437940535861,1.5628175200785114e-39
cpu_load,0.014217600319826733,0.47402254951692485,0.029993510507708657,0.9760722287084698,0.5082782985661275,0.027972078209782175,0.9776844207905205
cpu_freq,-0.030008348404145627,0.16431217634446396,-0.182630095174664,0.8550882689349666,0.18187876138302506,-0.16499094328529082,0.8689511105739531
cpu_x,-0.11949036990892711,0.5267169339823451,-0.22685879682184718,0.8205335421108061,0.5616489763840836,-0.21274919911402745,0.8315225897614762
scr,0.030946963009009756,0.10892516015918263,0.2841121643868509,0.7763244250968957,0.06612574174060426,0.4680017523343242,0.6397833365760632
bright,0.07183162094888208,0.118678966294892,0.6052599141316733,0.5450063117503502,0.07905394809689917,0.9086405255919107,0.3635399075152882
net_wifi,-0.016882525700527423,0.02492560875034944,-0.6773164848096535,0.49820517387121466,0.019145849231416014,-0.8817851585723995,0.3778929989909072
T0,-0.001727776167119147,0.004406651037745205,-0.3920837280555838,0.6949963500545061,0.003477968523549012,-0.49677740192889325,0.6193460327114004
