test,df,stat,pvalue
Independence_all_interactions=0,9,20.307850716452876,0.016104738299359645
Independence_CPUxBrightness,2,4.5525261715719925,0.10266714908724285
Independence_CPUxNetwork,1,0.02558350331387495,0.8729216904460677
Independence_CPUxTemperature,1,0.6153402326397257,0.4327841740334877
Independence_BrightnessxNetwork,2,2.766944917266949,0.25070647195026974
Independence_BrightnessxTemperature,2,3.6409919610956263,0.1619454092387787
Independence_NetworkxTemperature,1,6.391543721321745,0.011466526674306601
