test,df,stat,pvalue
CPU_group,3,0.8872627065326165,0.8285004725961039
Brightness_group,2,7.508468649312782,0.023418374618382132
Network_group(net_wifi vs mobile baseline),1,0.7775450658785518,0.3778929989909069
Temperature_group,1,0.24678778706722118,0.6193460327114004
