param,value
k0,5.044859296511468e-07
I_idle,1.0000000000000002
alpha_cpu,3374.0555493707766
gamma,1.806768994674796
delta_scr,2.6383989328334976
beta_scr,1.3258977278488718e-35
alpha_mob,3.314152154925618
alpha_wifi,1.0750210901324875
beta_T,-0.014848295604057395
