param,value
k0,4.2143534044690155e-06
I_idle,70.9554838941497
alpha_cpu,168.13527588811408
gamma,1.9245658757901423
delta_scr,0.7398890226339366
beta_scr,8.009784515133974e-25
alpha_mob,2.059133153717527
alpha_wifi,1.1393959626013723
beta_T,0.009643355745101561
