group,r2_concat
1,0.9903727938244673
2,0.9920630918123798
3,0.9954240022603111
