group,r2_concat
1,0.9787825596147245
2,0.8374588574214619
3,0.9216055622252973
