group,seg_id,r2,n
1,4,0.8603420432510109,743
1,1,0.9561095171551327,964
1,0,0.9891216281636813,1177
2,8,0.3675233355486217,831
2,7,0.8652574590162045,1167
2,6,0.8669796482912895,914
3,5,0.6033144411588953,600
3,3,0.6600214748363709,900
3,2,0.8131012670258959,900
