group,seg_id,r2,n
1,2,0.7459072818707772,180
1,3,0.8895346676157263,180
1,7,0.8962551323072107,180
2,5,0.7208641718513332,180
2,0,0.9117262686519805,180
2,1,0.9190267639480765,180
3,8,0.8423013224808586,180
3,6,0.8713611153906797,180
3,4,0.9441975599271576,180
