cpu_bins,k_neighbors,sigma,n_eval_slices,acc_time_mean,acc_time_median,acc_time_p10,acc_time_p90,acc_time_ge_0.90_frac
3,80,0.6,4,0.7436757373307483,0.9076715261905253,0.40087647500603235,0.9552783685676427,0.5
3,80,1.0,4,0.7276906527449327,0.9206614335068621,0.33198016912115264,0.9690245117591691,0.5
3,80,1.6,4,0.725285616323156,0.9278317274007527,0.311722720445545,0.9768116233386895,0.5
3,150,0.6,4,0.7509911334105608,0.9196386946699262,0.39856553614687196,0.9684986816667573,0.5
3,150,1.0,4,0.7455491392426936,0.9452387537296694,0.3367415147677483,0.9946050721280582,0.75
3,150,1.6,4,0.7406567937788238,0.951876841360686,0.31849491635361515,0.9938426331385427,0.75
3,250,0.6,4,0.7573245274147348,0.9269774360057225,0.4024527237875708,0.9764740041691087,0.5
3,250,1.0,4,0.7498751504209505,0.9522515977212852,0.34601426162954174,0.9918348813720916,0.75
3,250,1.6,4,0.7339136768151769,0.950871890544635,0.32605322768909445,0.9682075549576931,0.75
