param,value
k0,4.008243697723132e-06
I_idle,67.14566461439685
alpha_cpu,230.54821417571432
gamma,3.0665935608142174
delta_scr,0.8344743807399828
beta_scr,1.1661116705015922e-12
alpha_mob,1.7249631604474047
alpha_wifi,1.1790266207038558
beta_T,0.029984416565274
