episode_id,r2_discharge,rmse_discharge
0,0.9905037308579909,2.7356240369277223
1,0.9551725925842535,3.6463014570729193
2,0.9731437283875624,2.4231105024025092
