episode_id,n,R2_in_sample,RMSE_in_sample,resid_mean,resid_std,durbin_watson,ljung_box_pvalue_lag20,jarque_bera_pvalue
0,2254,0.9905037308579909,2.7356240369277223,-1.3567975535196215,2.3754450678093773,0.006917584811610393,0.0,2.2299895972894073e-08
1,2139,0.9551725925842535,3.6463014570729193,2.1883804274016097,2.916591404502462,0.0029868969257447735,0.0,6.053211072477088e-78
2,1875,0.9731437283875624,2.423110502402509,-1.3887792232065757,1.9856376245536547,0.010739281879542317,0.0,5.683242933201411e-50
