n,R2_in_sample,RMSE_in_sample,resid_mean,resid_std,durbin_watson,ljung_box_pvalue_lag20,jarque_bera_pvalue
6268,0.9829906159469981,2.9974522016807925,-0.15654706364606166,2.9933614412938554,0.006994382595008873,0.0,5.991405186623792e-199
