param,value
k0,4.06156709465833e-06
I_idle,64.5505638247712
alpha_cpu,299.8034071710416
gamma,3.702623194401847
delta_scr,0.8252789714710701
beta_scr,7.172307945450076e-12
alpha_mob,1.484616953912095
alpha_wifi,1.0040914355765036
beta_T,0.044257670882767074
