param,value
k0,2.775304600982859e-06
I_idle,53.360968076686994
alpha_cpu,423.44495306900626
gamma,1.582349623189151
delta_scr,9.471948301036755e-19
beta_scr,0.04393636358414445
alpha_mob,1.120984681560304
alpha_wifi,1.409358793262188
beta_T,0.10564728748370922
