group,seg_id,r2,n
1,0,0.8521842247102751,120
1,1,0.9360758075200987,120
1,2,0.9873093314362714,120
2,3,-0.2470480564130253,120
2,5,0.8248140550751968,120
2,4,0.9481524474581339,120
3,6,0.5735288121818345,120
3,8,0.5893828176462454,120
3,7,0.9081749074056156,120
