group,r2_concat
1,0.9960495439954807
2,0.9861584851597192
3,0.9708369847914773
