combo_id,combo,cpu5,bri4,net3,n_slices,test_total_min,pred_rate_pct_per_h,acc_time_mean,acc_time_min
1,0-0-1,0,0,1,14,1680,6.863748576562688,0.47870551333040606,0.2913859646358994
2,0-0-2,0,0,2,29,3480,9.53591900178514,0.34513130826833277,0.20973332508650677
