{
  "k_neighbors": 120,
  "sigma": 0.8,
  "n_intervals": 9,
  "acc_ge_0.90_frac": 0.6666666666666666,
  "acc_median": 0.9328150145007937
}