k_neighbors,sigma,episode_id,interval_id,minutes,drop_pct,true_dur_h,pred_rate_pct_per_h,pred_dur_h,acc_time,n_train,n_test
120,0.8,0,0,713,50.0,11.883333333333333,4.172470519556302,11.9833081541621,0.9915869715992623,5234,683
120,0.8,0,1,1040,85.75,17.333333333333332,4.673189658147558,18.349351572003417,0.9413835631536489,4944,973
120,0.8,0,2,501,30.25,8.35,3.88367943772509,7.789005371081627,0.9328150145007937,5449,468
120,0.8,1,0,313,24.416666666666686,5.216666666666667,4.307326032612591,5.6686367555643,0.9133603663455016,5634,283
120,0.8,1,1,871,50.666666666666686,14.516666666666667,3.9013074561242136,12.987099129326738,0.8946336943279039,5088,829
120,0.8,1,2,955,65.33333333333331,15.916666666666666,4.765991691934065,13.708234834715102,0.8612503561077551,4995,922
120,0.8,2,0,377,34.599999999999994,6.283333333333333,4.1213529149681385,8.395301425009725,0.6638777572928819,5589,328
120,0.8,2,1,843,54.916666666666686,14.05,4.091898340402108,13.420828695678217,0.95521912424756,5111,806
120,0.8,2,2,655,45.166666666666686,10.916666666666666,3.950276625248261,11.433798427680523,0.9526291516628528,5292,625
