dataset,case_id,figure,minutes,drop_pct,rate_pct_per_h,cpu_load_mean,cpu_load_p90,cpu_freq_norm_mean,screen_on_ratio,brightness_mean_pct,net_mobile_ratio,net_wifi_ratio,temp_mean_C,I_mA_mean,P_mW_mean,net_mode
test1,test1_epi2_int0,figures/diagnostics_cases/test1_epi2_int0.png,377,34.599999999999994,5.506631299734747,0.15392548149476132,0.273494265,0.9664052829354554,0.13262599469496023,100.0,0.48010610079575594,0.519893899204244,33.29059702749358,,,
test1,test1_epi1_int0,figures/diagnostics_cases/test1_epi1_int0.png,313,24.416666666666686,4.68051118210863,0.20326298136939278,0.3912668831666667,0.7898029818956337,0.17891373801916932,90.98039215686275,0.5047923322683706,0.4952076677316294,38.785090129962335,,,
test1,test1_epi0_int0,figures/diagnostics_cases/test1_epi0_int0.png,713,50.0,4.20757363253857,0.1605496154350138,0.2820390334800001,0.9701621669004208,0.025245441795231416,100.0,0.39831697054698456,0.6016830294530154,36.39731663964834,,,
test1,test1_epi2_int2,figures/diagnostics_cases/test1_epi2_int2.png,655,45.166666666666686,4.1374045801526735,0.14643756105967232,0.2738360953333333,0.9301224554707378,0.13587786259541984,88.83895131086142,0.1969465648854962,0.8030534351145038,37.058927034797264,,,
main,main_352944080639365_seg307,figures/diagnostics_cases/main_352944080639365_seg307.png,660,6.36363636363636,0.5785123966942145,,,,0.0,,,,29.37987603305785,32.666666666666664,130.55308739669422,none
main,main_352944080639365_seg246,figures/diagnostics_cases/main_352944080639365_seg246.png,2165,46.18181818181818,1.2798656309048917,,,,0.0,,,,26.160914073096524,55.31062355658199,204.02870278944175,wi-fi
