模块,score,贡献率
网络（100基准）,49.46359662170262,0.9891167218769898
屏幕亮度（1%≈0.01网络）,0.2580599810946288,0.00516038986206602
温度（按测量范围的1%≈0.01网络）,0.18777361372935059,0.003754883064558241
CPU（1%≈0.01网络）,0.09841570062502304,0.001968005196385965
