driver,std_unit,share,share_pct,Tmin_C,Tmax_C,n_test1_minutes,n_main_minutes
CPU（0-100）,78.2406404597488,0.5016490634385878,50.16490634385878,21.768181818181816,43.2,8585,35711
"网络（连接=100, 无连接=0）",43.03609900943326,0.2759310076614095,27.59310076614095,21.768181818181816,43.2,8585,35711
温度（按观测范围归一化0-100）,17.556277661965694,0.11256413795748174,11.256413795748173,21.768181818181816,43.2,8585,35711
屏幕亮度（0-100）,17.133865221712565,0.10985579094252083,10.985579094252083,21.768181818181816,43.2,8585,35711
