{
  "target_n": 4,
  "min_total_min": 30,
  "k": 200,
  "sigma": 0.06,
  "net_penalty": 0.2,
  "soc_penalty": 0.2,
  "n_combos": 4,
  "acc_mean": 0.7521487343082888,
  "acc_min": 0.6915511946908464
}