combo_id,combo_name,n_slices,total_min,acc_mean,acc_p10,acc_median,acc_min_slice,acc_max_slice
1,几乎不使用（0-33）×息屏×无线网络,102,4434,0.6915511946908464,0.4654078327087622,0.713967750817575,0.0,0.9970091374296446
6,几乎不使用（0-33）×高亮度×蜂窝网络,9,119,0.7573431610789596,0.6085641264807782,0.7728104804512432,0.5761933061588909,0.9658099950472298
0,几乎不使用（0-33）×息屏×蜂窝网络,131,2810,0.7626499258405146,0.5635291198403427,0.7893639351196715,0.0,0.9989040911324648
7,几乎不使用（0-33）×高亮度×无线网络,11,84,0.7970506556228343,0.6103323951646242,0.7967579039193767,0.5727026894071818,0.992598394249551
