combo_id,combo_name,n_slices,total_min,acc_mean
1,几乎不使用（0-33）×息屏×无线网络,102,4434,0.6915511946908464
6,几乎不使用（0-33）×高亮度×蜂窝网络,9,119,0.7573431610789596
0,几乎不使用（0-33）×息屏×蜂窝网络,131,2810,0.7626499258405146
7,几乎不使用（0-33）×高亮度×无线网络,11,84,0.7970506556228343
