param,value
k0,3.186057883342164e-06
I_idle,117.58346495997795
alpha_cpu,1.6714044140697653e-11
gamma,0.5000000616570147
delta_scr,1.754459219146146e-24
beta_scr,1.387045060831183e-21
alpha_mob,1.0326142831330074
alpha_wifi,1.0240665818877517
beta_T,0.1515719009562274
