group,r2_concat
1,0.9992435820328439
2,0.9975461272768182
3,0.9936607999011022
4,0.9224245773671691
