group,seg_id,r2,n
1,2,0.6030389845998116,45
1,3,0.826055912214386,45
1,0,0.8762122141072356,45
1,1,0.9335742822449733,45
2,6,0.33005750797241606,45
2,4,0.7222529649304557,45
2,7,0.8362942234261779,45
2,5,0.8713153733708066,45
3,8,0.5663362657784281,45
3,11,0.7405885731835804,45
3,10,0.8399092853267982,45
3,9,0.8575272189245505,45
4,15,0.26617416412044803,45
4,14,0.799881941138233,45
4,13,0.9304294880517986,45
4,12,0.9379242977703338,45
